<?xml version="1.0" encoding="UTF-8" standalone="yes"?>
<library-item xmlns="http://spotfire.tibco.com/ws/2008/12/library">
    <title>library</title>
    <item-type>
        <label>folder</label>
        <label-prefix>spotfire</label-prefix>
        <is-container>true</is-container>
    </item-type>
    <format-version>29.2.0.100</format-version>
    <created>2015-09-01T10:13:00.342+01:00</created>
    <modified>2015-09-01T10:13:00.342+01:00</modified>
    <children>
         <library-item>
            <id>5711daee-8af7-47b3-8e78-bc94ba3721f7</id>
            <title>Ericsson Library</title>
            <item-type>
                <label>folder</label>
                <label-prefix>spotfire</label-prefix>
                <is-container>true</is-container>
            </item-type>
            <created-by>NetAnServer02@SPOTFIRE</created-by>
            <created>2015-07-27T16:39:10.000Z</created>
            <modified-by>NetAnServer02@SPOTFIRE</modified-by>
            <modified>2015-09-01T09:11:35.000Z</modified>
            <accessed>2015-07-27T16:44:47.000Z</accessed>
            <properties/>
            <keywords/>
            <children>
                <library-item>
                    <id>87fce07f-be5d-4196-9a0e-87559e46ca88</id>
                    <title>Data Sources</title>
                    <item-type>
                        <label>folder</label>
                        <label-prefix>spotfire</label-prefix>
                        <is-container>true</is-container>
                    </item-type>
                    <created-by>NetAnServer02@SPOTFIRE</created-by>
                    <created>2015-07-27T16:40:15.000Z</created>
                    <modified-by>NetAnServer02@SPOTFIRE</modified-by>
                    <modified>2015-09-01T09:09:53.000Z</modified>
                    <accessed>2015-07-27T16:44:47.000Z</accessed>
                    <properties/>
                    <keywords/>
                    <children/>
                    <acl>
                        <permission>
                            <principal>
<type>group</type>
<name>Consumer@SPOTFIRE</name>
                            </principal>
                            <permission-type>READ</permission-type>
                        </permission>
                        <permission>
                            <principal>
<type>group</type>
<name>Consumer@SPOTFIRE</name>
                            </principal>
                            <permission-type>WRITE</permission-type>
                        </permission>
                        <permission>
                            <principal>
<type>group</type>
<name>Consumer@SPOTFIRE</name>
                            </principal>
                            <permission-type>EXECUTE</permission-type>
                        </permission>
                    </acl>
                    <hidden>false</hidden>
                </library-item>
            </children>
            <acl>
                <permission>
                    <principal>
                        <type>group</type>
                        <name>Everyone@SPOTFIRE</name>
                    </principal>
                    <permission-type>READ</permission-type>
                </permission>
                <permission>
                    <principal>
                        <type>group</type>
                        <name>Everyone@SPOTFIRE</name>
                    </principal>
                    <permission-type>EXECUTE</permission-type>
                </permission>
            </acl>
            <hidden>false</hidden>
        </library-item>
        <library-item>
            <id>5bb369b0-0d12-4121-b59f-abeda0abb38b</id>
            <title>Custom Library</title>
            <item-type>
                <label>folder</label>
                <label-prefix>spotfire</label-prefix>
                <is-container>true</is-container>
            </item-type>
            <created-by>NetAnServer02@SPOTFIRE</created-by>
            <created>2015-07-27T16:39:52.000Z</created>
            <modified-by>NetAnServer02@SPOTFIRE</modified-by>
            <modified>2015-09-01T09:10:09.000Z</modified>
            <accessed>2015-07-27T16:44:47.000Z</accessed>
            <properties/>
            <keywords/>
            <children/>
            <acl>
                <permission>
                    <principal>
                        <type>group</type>
                        <name>Everyone@SPOTFIRE</name>
                    </principal>
                    <permission-type>READ</permission-type>
                </permission>
                <permission>
                    <principal>
                        <type>group</type>
                        <name>Everyone@SPOTFIRE</name>
                    </principal>
                    <permission-type>EXECUTE</permission-type>
                </permission>
                <permission>
                    <principal>
                        <type>group</type>
                        <name>Consumer@SPOTFIRE</name>
                    </principal>
                    <permission-type>READ</permission-type>
                </permission>
                <permission>
                    <principal>
                        <type>group</type>
                        <name>Consumer@SPOTFIRE</name>
                    </principal>
                    <permission-type>WRITE</permission-type>
                </permission>
                <permission>
                    <principal>
                        <type>group</type>
                        <name>Consumer@SPOTFIRE</name>
                    </principal>
                    <permission-type>EXECUTE</permission-type>
                </permission>
            </acl>
            <hidden>false</hidden>
        </library-item>
    </children>
    <hidden>false</hidden>
</library-item>
