<?xml version="1.0" encoding="UTF-8" standalone="yes"?>
<library-item xmlns="http://spotfire.tibco.com/ws/2008/12/library">
    <title>library</title>
    <item-type>
        <label>folder</label>
        <label-prefix>spotfire</label-prefix>
        <is-container>true</is-container>
    </item-type>
    <format-version>29.2.0.100</format-version>
    <created>2015-10-15T02:44:04.546-07:00</created>
    <modified>2015-10-15T02:44:04.546-07:00</modified>
    <children>
        <library-item>
            <id>217f18fe-7fcb-4446-b02f-b85283ebf1a9</id>
            <title>Custom Library</title>
            <item-type>
                <label>folder</label>
                <label-prefix>spotfire</label-prefix>
                <is-container>true</is-container>
            </item-type>
            <created-by>NetAnServer02@SPOTFIRE</created-by>
            <created>2015-10-15T09:32:43.000Z</created>
            <modified-by>NetAnServer02@SPOTFIRE</modified-by>
            <modified>2015-10-15T09:43:36.000Z</modified>
            <accessed>2015-10-15T09:44:04.000Z</accessed>
            <properties/>
            <keywords/>
            <acl>
                <permission>
                    <principal>
                        <type>group</type>
                        <name>Everyone@SPOTFIRE</name>
                    </principal>
                    <permission-type>READ</permission-type>
                </permission>
                <permission>
                    <principal>
                        <type>group</type>
                        <name>Everyone@SPOTFIRE</name>
                    </principal>
                    <permission-type>EXECUTE</permission-type>
                </permission>
            </acl>
            <hidden>false</hidden>
        </library-item>
    </children>
    <hidden>false</hidden>
</library-item>
